{"cameraMode":{"drawMode":0,"name":"Shaded","section":"Shading Mode"},"sceneLighting":false,"audioPlay":false,"sceneViewState":{"showFog":true,"showMaterialUpdate":false,"showSkybox":true,"showFlares":true,"showImageEffects":true,"showParticleSystems":true},"in2DMode":false,"pivot":{"x":483.3660888671875,"y":411.3775939941406,"z":-781.6531372070313},"rotation":{"x":-0.11554992944002152,"y":-0.006857389584183693,"z":0.0007911648717708886,"w":-0.9932932257652283},"size":37.648372650146487,"orthographic":false}